"Referrer","TypOdkazovace"
"URI_0","Neni"
"URI_1","OstatniNerozliseno"
"URI_2","OstatniNerozliseno"
"URI_3","OstatniNerozliseno"
"URI_4","OstatniNerozliseno"
"URI_5","katalog"
"URI_6","OstatniNerozliseno"
"URI_7","OstatniNerozliseno"
"URI_8","Partneri"
"URI_9","katalog"
"URI_10","OstatniNerozliseno"
"URI_11","OstatniNerozliseno"
"URI_12","Fulltext"
"URI_13","Fulltext"
"URI_14","Fulltext"
"URI_15","Fulltext"
"URI_16","Fulltext"
"URI_17","OstatniNerozliseno"
"URI_18","OstatniNerozliseno"
"URI_19","OstatniNerozliseno"
"URI_20","Fulltext"
"URI_21","OstatniNerozliseno"
"URI_22","katalog"
"URI_23","OstatniNerozliseno"
"URI_24","Vlastni Weby"
"URI_25","OstatniNerozliseno"
"URI_26","OstatniNerozliseno"
"URI_27","OstatniNerozliseno"
"URI_28","Fulltext"
"URI_29","OstatniNerozliseno"
"URI_30","OstatniNerozliseno"
"URI_31","OstatniNerozliseno"
"URI_32","OstatniNerozliseno"
"URI_33","OstatniNerozliseno"
"URI_34","Neni"
"URI_35","OstatniNerozliseno"
"URI_36","OstatniNerozliseno"
"URI_37","Fulltext"
"URI_38","Fulltext"
"URI_39","Fulltext"
"URI_40","Fulltext"
"URI_41","Fulltext"
"URI_42","Fulltext"
"URI_43","Fulltext"
"URI_44","Fulltext"
"URI_45","Fulltext"
"URI_46","Vlastni Weby"
"URI_47","OstatniNerozliseno"
"URI_48","OstatniNerozliseno"
"URI_49","OstatniNerozliseno"
"URI_50","OstatniNerozliseno"
"URI_51","OstatniNerozliseno"
"URI_52","OstatniNerozliseno"
"URI_53","Partneri"
"URI_54","OstatniNerozliseno"
"URI_55","Partneri"
"URI_56","OstatniNerozliseno"
"URI_57","OstatniNerozliseno"
"URI_58","OstatniNerozliseno"
"URI_59","OstatniNerozliseno"
"URI_60","Vlastni Weby"
"URI_61","OstatniNerozliseno"
"URI_62","OstatniNerozliseno"
"URI_63","OstatniNerozliseno"
"URI_64","Partneri"
"URI_65","OstatniNerozliseno"
"URI_66","OstatniNerozliseno"
"URI_67","OstatniNerozliseno"
"URI_68","Partneri"
"URI_69","OstatniNerozliseno"
"URI_70","OstatniNerozliseno"
"URI_71","OstatniNerozliseno"
"URI_72","OstatniNerozliseno"
"URI_73","Vlastni Weby"
"URI_74","OstatniNerozliseno"
"URI_75","OstatniNerozliseno"
"URI_76","OstatniNerozliseno"
"URI_77","OstatniNerozliseno"
"URI_78","Partneri"
"URI_79","Fulltext"
"URI_80","Fulltext"
"URI_81","Fulltext"
"URI_82","Fulltext"
"URI_83","Fulltext"
"URI_84","Fulltext"
"URI_85","Fulltext"
"URI_86","Fulltext"
"URI_87","Fulltext"
"URI_88","Fulltext"
"URI_89","Fulltext"
"URI_90","OstatniNerozliseno"
"URI_91","OstatniNerozliseno"
"URI_92","OstatniNerozliseno"
"URI_93","Partneri"
"URI_94","Partneri"
"URI_95","Partneri"
"URI_96","OstatniNerozliseno"
"URI_97","OstatniNerozliseno"
"URI_98","OstatniNerozliseno"
"URI_99","Vlastni Weby"
"URI_100","Vlastni Weby"
"URI_101","Vlastni Weby"
"URI_102","Vlastni Weby"
"URI_103","OstatniNerozliseno"
"URI_104","OstatniNerozliseno"
"URI_105","OstatniNerozliseno"
"URI_106","Partneri"
"URI_107","Partneri"
"URI_108","Partneri"
"URI_109","OstatniNerozliseno"
"URI_110","Neni"
"URI_111","Neni"
"URI_112","Neni"
"URI_113","Neni"
"URI_114","OstatniNerozliseno"
"URI_115","OstatniNerozliseno"
"URI_116","OstatniNerozliseno"
"URI_117","Vlastni Weby"
"URI_118","Vlastni Weby"
"URI_119","Vlastni Weby"
"URI_120","OstatniNerozliseno"
"URI_121","Vlastni Weby"
"URI_122","OstatniNerozliseno"
"URI_123","OstatniNerozliseno"
"URI_124","OstatniNerozliseno"
"URI_125","OstatniNerozliseno"
"URI_126","Partneri"
"URI_127","OstatniNerozliseno"
"URI_128","OstatniNerozliseno"
"URI_129","OstatniNerozliseno"
"URI_130","Partneri"
"URI_131","Partneri"
"URI_132","Vlastni Weby"
"URI_133","OstatniNerozliseno"
"URI_134","OstatniNerozliseno"
"URI_135","OstatniNerozliseno"
"URI_136","Partneri"
"URI_137","Partneri"
"URI_138","Fulltext"
"URI_139","OstatniNerozliseno"
